month,order_count,monthly_revenue
2024-04,11,32275.57
2024-05,127,275301.54
2024-06,114,236536.48999999996
2024-07,112,218905.61000000007
2024-08,134,309495.26
2024-09,137,229573.37999999986
2024-10,118,248889.30000000013
2024-11,136,302868.79
2024-12,132,276215.98
2025-01,136,319656.3100000001
2025-02,111,225196.65999999995
2025-03,129,255959.60000000003
2025-04,130,253259.59000000005
