month,order_count,monthly_revenue
2024-04,21,60051.57
2024-05,269,529242.6200000005
2024-06,240,528879.9800000001
2024-07,228,459786.44000000006
2024-08,266,627124.4700000002
2024-09,257,472465.9499999996
2024-10,259,540482.3800000002
2024-11,269,578540.8199999997
2024-12,280,569244.7300000007
2025-01,245,536078.2999999999
2025-02,229,476959.44999999984
2025-03,269,562521.0899999997
2025-04,266,517212.02000000025
